campaign_id,channel,region,segment,quarter,spend_usd,impressions,clicks,leads_generated,conversions,revenue_usd,duration_days
CMP-0001,LinkedIn Ads,International,Enterprise,2025-Q2,2720.3,268546,5319,312,25,826182.54,30
CMP-0002,Google Ads,Southeast,SMB,2024-Q4,3338.24,340529,9308,890,16,77397.7,14
CMP-0003,Email,Southeast,Enterprise,2025-Q2,518.66,90361,2140,171,30,584300.7,7
CMP-0004,Email,International,Mid-Market,2024-Q4,559.9,51354,3070,468,29,280768.32,21
CMP-0005,Google Ads,Northeast,Mid-Market,2025-Q2,3606.52,378514,19134,2586,67,435003.85,60
CMP-0006,Content/SEO,West,Enterprise,2025-Q2,2473.19,358027,10907,1505,64,1127451.15,14
CMP-0007,LinkedIn Ads,International,Enterprise,2025-Q1,810.81,93420,1115,58,5,112610.01,30
CMP-0008,Email,Southeast,Mid-Market,2024-Q3,441.47,54961,2391,359,36,508470.56,14
CMP-0009,Email,Midwest,Enterprise,2024-Q4,987.12,106922,6000,530,48,712272.98,14
CMP-0010,Webinars,Northeast,Mid-Market,2025-Q2,2326.93,354926,24183,3167,427,6041679.28,45
CMP-0011,Email,Northeast,Enterprise,2025-Q2,588.1,110036,5775,755,60,1011494.17,14
CMP-0012,LinkedIn Ads,West,Mid-Market,2025-Q1,5512.78,717154,12031,1002,59,753803.85,60
CMP-0013,LinkedIn Ads,Northeast,Mid-Market,2024-Q4,5453.62,633195,6898,639,42,577782.77,21
CMP-0014,Google Ads,International,Mid-Market,2024-Q3,3350.58,464840,13108,2593,141,896271.08,30
CMP-0015,Google Ads,International,Mid-Market,2024-Q4,6936.1,1219376,34717,2520,183,1487901.26,45
CMP-0016,LinkedIn Ads,West,Enterprise,2025-Q1,4159.6,380774,9523,1819,156,2570236.25,45
CMP-0017,Content/SEO,Northeast,Enterprise,2025-Q1,3872.32,415987,11712,892,37,646441.74,14
CMP-0018,Trade Shows,West,Mid-Market,2025-Q2,7799.79,950834,13590,2159,302,9630755.95,7
CMP-0019,Google Ads,West,Mid-Market,2025-Q2,5086.14,409980,10588,784,56,492532.19,30
CMP-0020,Google Ads,Northeast,Enterprise,2024-Q4,6817.19,1076815,26938,4778,314,6607626.49,7
CMP-0021,LinkedIn Ads,International,Mid-Market,2025-Q2,8523.45,1195980,25298,3454,157,2338792.56,30
CMP-0022,LinkedIn Ads,Midwest,SMB,2025-Q2,5189.67,1017167,22862,4447,209,1831054.36,21
CMP-0023,Webinars,Midwest,Enterprise,2024-Q3,5144.49,985695,53480,3238,407,7083095.62,21
CMP-0024,LinkedIn Ads,Southeast,SMB,2024-Q3,6624.44,765660,23500,2654,165,928590.95,7
CMP-0025,Google Ads,West,SMB,2024-Q3,4169.38,358951,9346,1710,63,232187.98,21
CMP-0026,Content/SEO,Midwest,Mid-Market,2025-Q1,1587.24,134375,4016,383,8,78403.71,45
CMP-0027,LinkedIn Ads,West,Mid-Market,2025-Q2,4521.5,584911,12006,1860,117,1592373.07,21
CMP-0028,Content/SEO,Southeast,Enterprise,2024-Q3,1864.28,303169,5973,350,14,267845.49,14
CMP-0029,Google Ads,Northeast,Mid-Market,2024-Q3,5042.12,800958,50261,5797,194,1624724.9,14
CMP-0030,LinkedIn Ads,West,Enterprise,2024-Q3,7247.73,881008,18985,2272,158,4386437.71,60
CMP-0031,Webinars,West,Mid-Market,2024-Q4,3502.72,506932,38158,5822,603,7453657.96,60
CMP-0032,Webinars,Midwest,SMB,2025-Q2,5879.03,793611,32846,4330,304,2051754.61,60
CMP-0033,Webinars,West,Mid-Market,2025-Q2,3921.49,347218,17283,1691,131,1863150.95,14
CMP-0034,Content/SEO,International,SMB,2025-Q2,2812.86,320227,9670,740,25,127106.75,60
CMP-0035,LinkedIn Ads,Southeast,Mid-Market,2025-Q2,6867.74,1256862,21292,2434,194,3424155.97,14
CMP-0036,Webinars,West,SMB,2024-Q4,2615.52,226028,12400,2402,158,1154195.92,60
CMP-0037,Content/SEO,West,Mid-Market,2025-Q1,3123.54,329619,15674,3008,96,908173.72,60
CMP-0038,Trade Shows,Southeast,Mid-Market,2025-Q1,24068.33,4723127,53326,8169,1002,25467927.48,45
CMP-0039,LinkedIn Ads,Southeast,Mid-Market,2025-Q1,4322.4,389796,7522,1489,67,758429.67,45
CMP-0040,Trade Shows,Northeast,Mid-Market,2025-Q2,11407.78,1976484,18538,2479,368,8910370.1,14
CMP-0041,Email,International,Mid-Market,2024-Q4,929.09,157503,5529,760,59,639358.21,14
CMP-0042,Webinars,International,SMB,2025-Q2,3568.41,423650,28566,1614,145,702910.04,7
CMP-0043,Google Ads,Northeast,Mid-Market,2025-Q1,7373.51,1399717,36288,7032,305,2163824.16,14
CMP-0044,LinkedIn Ads,Southeast,Enterprise,2024-Q4,2118.87,237128,3609,375,26,503664.27,7
CMP-0045,LinkedIn Ads,International,SMB,2025-Q2,3884.25,346257,5521,1054,84,445704.76,45
CMP-0046,Google Ads,Southeast,Mid-Market,2024-Q3,4352.78,771601,22686,4493,217,1393912.36,21
CMP-0047,Trade Shows,Midwest,Mid-Market,2024-Q3,2738.68,308946,2357,137,17,451492.53,60
CMP-0048,Trade Shows,International,Mid-Market,2024-Q3,13434.88,1283019,7941,1533,130,3617392.12,30
CMP-0049,Email,West,Mid-Market,2025-Q1,896.93,154880,12881,1649,137,1725401.5,30
CMP-0050,Webinars,Northeast,Mid-Market,2025-Q1,5733.57,605210,47252,3329,194,3107682.55,21
CMP-0051,Webinars,West,Mid-Market,2024-Q3,2769.93,428370,38355,6879,616,8668358.31,14
CMP-0052,Email,Southeast,Mid-Market,2024-Q4,1249.07,135920,3969,243,14,154342.95,14
CMP-0053,Webinars,Midwest,Mid-Market,2025-Q2,2829.97,240276,12499,941,69,740412.94,7
CMP-0054,Google Ads,Northeast,Mid-Market,2024-Q4,4614.95,751532,12124,677,34,346100.46,7
CMP-0055,Webinars,International,Enterprise,2025-Q2,4421.25,451597,34009,2768,277,3775645.3,30
CMP-0056,LinkedIn Ads,Southeast,SMB,2024-Q4,7667.12,1303057,27015,1474,71,637755.89,21
CMP-0057,Google Ads,International,Enterprise,2025-Q1,2377.47,283631,7458,506,28,483739.02,30
CMP-0058,Content/SEO,International,Mid-Market,2025-Q2,4374.33,741242,25123,2882,91,716518.23,21
CMP-0059,Email,Southeast,Enterprise,2025-Q1,811.08,87975,4113,268,22,349399.38,14
CMP-0060,Google Ads,Northeast,Enterprise,2025-Q1,6094.97,491473,16427,3223,270,3830492.39,45
CMP-0061,Content/SEO,Midwest,Mid-Market,2025-Q1,1569.21,307814,8926,1398,57,435859.1,21
CMP-0062,Content/SEO,International,Mid-Market,2025-Q1,4783.78,412451,6359,639,19,199081.4,30
CMP-0063,Content/SEO,Midwest,Mid-Market,2024-Q4,229.76,44008,807,140,5,45811.78,14
CMP-0064,Google Ads,West,SMB,2025-Q2,5563.83,978925,38603,6708,212,740060.38,30
CMP-0065,Webinars,Northeast,SMB,2024-Q3,2748.82,455352,48412,8953,781,7288293.61,21
CMP-0066,Email,Northeast,SMB,2025-Q1,501.16,53865,2464,323,13,55780.76,30
CMP-0067,Content/SEO,West,SMB,2024-Q3,3705.82,551345,13650,2725,95,523184.03,30
CMP-0068,Google Ads,West,Mid-Market,2024-Q4,7784.19,718869,22737,2966,109,561991.38,30
CMP-0069,Email,International,Mid-Market,2025-Q2,1185.54,186055,11212,1727,91,962599.53,14
CMP-0070,Google Ads,Southeast,Mid-Market,2024-Q4,2718.31,526466,8387,612,28,380071.87,30
CMP-0071,Google Ads,West,Mid-Market,2025-Q2,8064.33,1537866,58745,9169,439,2796125.73,30
CMP-0072,LinkedIn Ads,International,Enterprise,2024-Q3,5274.43,493626,11231,2220,324,9714461.35,21
CMP-0073,Google Ads,Northeast,Enterprise,2024-Q3,6204.49,1181227,18841,1920,141,1723811.75,21
CMP-0074,Google Ads,West,SMB,2024-Q4,4486.69,584486,12590,2357,112,309764.45,30
CMP-0075,Google Ads,International,Mid-Market,2024-Q3,2901.78,579267,17643,2211,83,684124.19,30
CMP-0076,Google Ads,Midwest,Mid-Market,2024-Q4,9639.85,847198,19448,3234,205,963508.44,21
CMP-0077,LinkedIn Ads,Midwest,Enterprise,2024-Q3,4080.7,695309,11710,1063,83,2710749.07,45
CMP-0078,Trade Shows,Southeast,SMB,2025-Q2,18608.36,1532682,10923,716,61,840903.93,30
CMP-0079,Google Ads,Southeast,SMB,2025-Q2,5921.92,1063733,38892,4261,118,533877.34,14
CMP-0080,Webinars,Southeast,Enterprise,2025-Q1,3995.48,657150,51187,9551,704,19097318.0,45
CMP-0081,LinkedIn Ads,West,SMB,2024-Q3,8616.74,1140297,10704,1007,67,499398.31,30
CMP-0082,LinkedIn Ads,Midwest,Mid-Market,2024-Q3,10888.1,1207996,26602,1886,88,1346885.95,14
CMP-0083,Google Ads,Southeast,Mid-Market,2024-Q4,1240.81,181780,6864,1013,40,355565.14,7
CMP-0084,Google Ads,Northeast,Mid-Market,2025-Q1,7741.07,1237056,63409,4838,209,1964699.22,21
CMP-0085,Email,Southeast,Enterprise,2025-Q1,710.0,134801,8714,1378,150,2772748.34,21
CMP-0086,Trade Shows,International,Mid-Market,2024-Q4,12121.81,1691767,17548,2448,391,8492579.83,14
CMP-0087,Google Ads,Northeast,Mid-Market,2024-Q3,3246.07,355665,19603,3388,178,1729756.6,14
CMP-0088,Email,Midwest,Mid-Market,2025-Q1,770.23,78729,4267,560,49,553644.36,45
CMP-0089,Content/SEO,Northeast,SMB,2025-Q2,2429.62,247016,6572,888,19,105546.01,60
CMP-0090,Trade Shows,International,Mid-Market,2024-Q4,14665.62,2092668,17148,2515,219,7264506.51,30
CMP-0091,Email,Midwest,Mid-Market,2025-Q2,100.0,14869,455,77,10,110189.9,30
CMP-0092,Email,International,Mid-Market,2024-Q4,362.36,72051,1591,79,5,39439.03,60
CMP-0093,Google Ads,West,Enterprise,2024-Q3,3480.28,540490,8207,1485,52,526763.73,30
CMP-0094,Google Ads,Midwest,Mid-Market,2025-Q2,2487.77,268760,6274,353,9,56553.49,30
CMP-0095,Google Ads,Southeast,SMB,2024-Q3,4168.55,773242,19315,3702,241,844134.56,14
CMP-0096,Trade Shows,Midwest,Mid-Market,2024-Q3,20835.51,2948696,47955,4057,427,9469912.62,14
CMP-0097,Content/SEO,International,Enterprise,2025-Q1,2096.55,317989,5069,652,27,310782.89,21
CMP-0098,Trade Shows,Midwest,SMB,2024-Q4,21891.37,1842899,22623,4168,392,6137214.42,21
CMP-0099,LinkedIn Ads,International,SMB,2024-Q3,6766.84,1138354,19292,1778,88,673619.64,21
CMP-0100,Trade Shows,International,SMB,2024-Q3,14917.89,2053751,29334,4073,351,5406445.02,30
CMP-0101,Email,International,SMB,2025-Q2,1036.26,188672,11840,2132,170,940762.91,30
CMP-0102,Content/SEO,Midwest,SMB,2025-Q1,3040.21,245093,5955,1030,31,135310.26,7
CMP-0103,Email,International,Mid-Market,2025-Q1,1061.01,99630,2541,270,19,166157.77,7
CMP-0104,LinkedIn Ads,Southeast,Mid-Market,2025-Q2,6892.95,1203900,17545,1334,98,1302787.7,30
CMP-0105,Email,Southeast,Enterprise,2024-Q4,946.84,78540,3018,160,14,167734.28,30
CMP-0106,Content/SEO,Southeast,Enterprise,2024-Q4,770.13,135063,3201,493,27,568474.74,14
CMP-0107,Trade Shows,West,Enterprise,2024-Q3,14427.05,2259609,27323,2995,536,23143823.42,14
CMP-0108,Google Ads,Northeast,Mid-Market,2025-Q2,2173.56,315574,21793,1610,69,435380.23,21
CMP-0109,Google Ads,International,Enterprise,2024-Q3,4176.75,334757,7163,1001,37,601471.49,30
CMP-0110,Google Ads,West,Enterprise,2024-Q4,6281.48,829089,15846,3132,163,1854553.19,30
CMP-0111,LinkedIn Ads,Midwest,Mid-Market,2024-Q3,7849.62,765421,17758,1161,69,1044900.99,21
CMP-0112,Google Ads,Northeast,Mid-Market,2025-Q2,6546.28,588517,19357,3361,106,679540.43,60
CMP-0113,Google Ads,Southeast,SMB,2024-Q4,4703.53,913359,26920,1847,71,338672.47,30
CMP-0114,Email,Northeast,SMB,2025-Q2,858.5,149388,7862,1115,122,585465.95,30
CMP-0115,Email,Southeast,Mid-Market,2025-Q1,1494.39,134189,6407,378,25,226939.57,45
CMP-0116,Google Ads,West,SMB,2024-Q3,5737.37,801990,36012,4800,138,641759.23,60
CMP-0117,Trade Shows,Midwest,Enterprise,2025-Q1,12488.72,1045034,11135,987,185,8142655.46,30
CMP-0118,Content/SEO,West,Mid-Market,2025-Q2,438.19,73191,3335,410,9,72232.89,30
CMP-0119,Webinars,West,Mid-Market,2024-Q4,5565.21,533080,40381,6354,620,7018663.76,21
CMP-0120,Google Ads,West,Mid-Market,2024-Q4,100.0,15115,519,38,1,7862.25,14
CMP-0121,Content/SEO,Northeast,SMB,2025-Q2,593.72,64216,1360,248,4,15781.17,21
CMP-0122,Content/SEO,Northeast,Mid-Market,2025-Q2,2587.76,285438,7386,767,38,248067.79,21
CMP-0123,Email,Northeast,SMB,2025-Q2,1237.91,181944,7800,1021,61,278692.99,7
CMP-0124,Email,Midwest,Mid-Market,2024-Q3,1486.3,189779,10765,1313,71,785209.68,21
CMP-0125,LinkedIn Ads,West,Enterprise,2024-Q4,8270.46,861966,11357,1715,113,4473967.85,45
CMP-0126,Google Ads,Southeast,Mid-Market,2025-Q1,4800.84,670489,23938,3415,161,1589185.32,7
CMP-0127,Trade Shows,West,Mid-Market,2025-Q1,19195.92,2338617,40316,2979,238,7167759.42,45
CMP-0128,Trade Shows,International,SMB,2024-Q3,11978.31,1893307,17165,2828,268,3906036.32,45
CMP-0129,Webinars,Midwest,SMB,2024-Q3,3680.75,297003,13088,1291,68,293688.31,30
CMP-0130,LinkedIn Ads,Northeast,Mid-Market,2025-Q2,2267.14,201284,3025,425,36,733894.12,21
CMP-0131,LinkedIn Ads,Southeast,SMB,2024-Q4,4364.39,527871,9445,1010,76,395765.71,21
CMP-0132,Email,Southeast,SMB,2025-Q1,698.93,133665,6765,399,24,134035.73,14
CMP-0133,Email,International,Mid-Market,2025-Q1,823.12,123230,6985,443,29,396080.27,60
CMP-0134,Webinars,Midwest,Enterprise,2025-Q2,3658.06,603893,24283,1603,115,2712756.05,60
CMP-0135,Email,Northeast,Mid-Market,2024-Q3,988.78,150486,7060,1220,90,975190.86,14
CMP-0136,Email,Southeast,Mid-Market,2024-Q4,689.87,74798,4216,704,68,607895.61,21
CMP-0137,Content/SEO,Southeast,SMB,2024-Q4,4222.7,422952,7293,1170,30,147818.08,7
CMP-0138,Google Ads,Midwest,Mid-Market,2025-Q2,1847.16,287864,11545,678,27,188124.19,30
CMP-0139,Content/SEO,Southeast,Mid-Market,2025-Q1,3042.61,463651,9917,997,36,340718.88,14
CMP-0140,Email,West,Enterprise,2025-Q2,225.13,34683,1081,125,13,283837.73,7
CMP-0141,Email,Southeast,Mid-Market,2025-Q2,330.96,53065,1649,328,31,457547.57,30
CMP-0142,Email,West,Enterprise,2024-Q3,1015.5,105726,3609,470,43,645994.08,30
CMP-0143,LinkedIn Ads,West,SMB,2025-Q1,2769.22,551345,9025,1706,121,933589.61,21
CMP-0144,Email,Southeast,SMB,2025-Q2,853.42,148360,6377,996,53,203056.29,7
CMP-0145,Trade Shows,Northeast,Mid-Market,2025-Q1,9483.17,1442117,7559,962,115,3399916.35,60
CMP-0146,Webinars,Southeast,Mid-Market,2024-Q3,3622.74,455287,26518,4818,463,5925221.0,30
CMP-0147,LinkedIn Ads,Northeast,Mid-Market,2025-Q1,6841.27,831433,11429,2243,191,3150332.48,14
CMP-0148,Webinars,West,Mid-Market,2024-Q3,5585.31,564008,40004,5015,345,3894833.17,21
CMP-0149,Google Ads,Southeast,Mid-Market,2025-Q1,4613.3,903739,33900,3894,178,959230.86,21
CMP-0150,Google Ads,International,Enterprise,2024-Q4,2566.97,224255,8132,1358,61,867461.11,60
CMP-0151,Google Ads,Northeast,Mid-Market,2024-Q3,3273.19,533725,15597,925,43,344209.63,45
CMP-0152,Email,West,Enterprise,2025-Q2,100.0,9568,569,104,7,120461.33,21
CMP-0153,LinkedIn Ads,International,Mid-Market,2024-Q3,5425.27,747392,12767,675,54,690728.07,14
CMP-0154,Email,Northeast,Mid-Market,2024-Q4,402.36,58645,2614,308,18,178562.58,14
CMP-0155,Content/SEO,Midwest,Mid-Market,2025-Q2,1692.91,329687,11213,784,29,225514.4,60
CMP-0156,Webinars,International,Mid-Market,2024-Q4,6735.96,1071842,53624,9881,1231,20186937.49,7
CMP-0157,Email,Midwest,Enterprise,2025-Q2,1605.35,136456,6397,401,34,635027.52,7
CMP-0158,Google Ads,International,Mid-Market,2025-Q2,1805.75,220236,5265,875,30,267192.53,14
CMP-0159,Google Ads,Southeast,Enterprise,2025-Q2,6397.02,1112429,35971,3027,154,2166136.92,60
CMP-0160,Email,Southeast,Mid-Market,2025-Q2,1382.25,234662,18116,3111,201,2159715.72,14
CMP-0161,Trade Shows,Northeast,Mid-Market,2025-Q1,4171.77,415684,5567,506,64,1772699.52,21
CMP-0162,Google Ads,International,Mid-Market,2025-Q2,5992.37,665224,19106,2514,82,740457.87,60
CMP-0163,Content/SEO,West,Enterprise,2025-Q2,2326.27,447776,11296,637,25,398102.07,30
CMP-0164,Webinars,Midwest,Enterprise,2025-Q2,3963.25,597823,59772,7546,933,14170901.68,30
CMP-0165,Webinars,Northeast,SMB,2025-Q1,3809.37,675821,28246,4554,304,2060772.2,14
CMP-0166,Webinars,Southeast,Enterprise,2024-Q4,4638.82,713437,51001,7812,995,13805061.54,21
CMP-0167,Webinars,Southeast,Enterprise,2024-Q3,4660.75,795831,66861,11787,1340,14806123.2,14
CMP-0168,LinkedIn Ads,West,SMB,2025-Q2,4354.66,694851,11234,564,26,179582.43,21
CMP-0169,LinkedIn Ads,West,Mid-Market,2025-Q1,5816.12,857169,12551,1683,164,2978588.17,45
CMP-0170,LinkedIn Ads,West,Mid-Market,2025-Q1,8289.76,1367160,20253,3408,110,1936655.69,14
CMP-0171,LinkedIn Ads,Northeast,Enterprise,2025-Q2,7432.75,861702,20210,1536,117,4975015.96,14
CMP-0172,Content/SEO,West,Mid-Market,2024-Q3,2356.17,235228,5967,925,49,616360.83,30
CMP-0173,Trade Shows,Midwest,SMB,2024-Q4,12942.9,1620834,18994,2265,112,1193121.01,60
CMP-0174,Content/SEO,Southeast,Enterprise,2025-Q1,1725.77,329130,6096,736,24,321290.0,30
CMP-0175,Trade Shows,Southeast,SMB,2024-Q4,14893.16,1251526,10002,594,31,462443.75,14
CMP-0176,Webinars,Southeast,SMB,2025-Q1,3600.49,692800,48526,2806,138,744864.72,30
CMP-0177,Trade Shows,Southeast,Enterprise,2025-Q1,16467.79,2234216,14872,2911,278,15791569.08,14
CMP-0178,Google Ads,West,Mid-Market,2024-Q3,4901.14,699916,31611,2124,106,974088.11,7
CMP-0179,Content/SEO,Northeast,Mid-Market,2024-Q4,927.86,92686,964,184,7,75484.07,21
CMP-0180,LinkedIn Ads,International,SMB,2025-Q2,5551.98,981415,14199,1688,75,479408.35,14
CMP-0181,LinkedIn Ads,West,Mid-Market,2025-Q2,6394.06,635533,8898,785,52,886295.61,30
CMP-0182,Email,Southeast,Enterprise,2024-Q4,286.82,36394,1242,210,16,188098.38,21
CMP-0183,Google Ads,International,SMB,2025-Q2,7041.26,796880,20624,1997,54,240421.56,45
CMP-0184,Email,West,Mid-Market,2025-Q2,952.03,117644,3784,698,56,433244.09,30
CMP-0185,Google Ads,International,SMB,2025-Q2,4100.94,630871,14241,890,34,142722.55,21
CMP-0186,Trade Shows,International,SMB,2024-Q3,10387.44,2073845,29491,5808,456,6129881.16,30
CMP-0187,Google Ads,West,SMB,2024-Q4,3452.01,679406,14910,1498,61,232777.97,14
CMP-0188,Content/SEO,Northeast,Mid-Market,2025-Q1,672.06,74275,2569,444,15,166280.92,14
CMP-0189,Google Ads,Southeast,Enterprise,2024-Q3,6214.18,1048709,31900,2510,101,2176175.89,30
CMP-0190,Content/SEO,West,Mid-Market,2025-Q1,1510.91,177970,4864,245,6,59724.82,30
CMP-0191,Trade Shows,Midwest,Mid-Market,2024-Q3,12024.49,1060808,7373,1212,209,4712987.48,45
CMP-0192,Google Ads,Northeast,SMB,2024-Q3,5064.42,936446,37488,1875,62,197491.42,21
CMP-0193,Google Ads,International,Mid-Market,2025-Q1,7115.16,978251,27954,1473,59,465680.95,60
CMP-0194,Google Ads,Northeast,Mid-Market,2025-Q1,5581.74,1008817,42095,8304,480,5794115.37,30
CMP-0195,Email,Midwest,SMB,2024-Q4,647.85,57140,2362,211,14,62332.92,14
CMP-0196,Webinars,International,Mid-Market,2025-Q1,4483.42,393370,37324,6777,557,7834940.6,14
CMP-0197,Trade Shows,International,SMB,2025-Q2,15415.61,3074682,26726,4766,386,4859926.98,45
CMP-0198,Email,Northeast,SMB,2024-Q3,906.06,162651,8873,1613,123,1052716.39,21
CMP-0199,LinkedIn Ads,West,Mid-Market,2025-Q1,7714.51,1027615,19818,2795,246,5235920.79,30
CMP-0200,Google Ads,West,Enterprise,2024-Q4,2708.0,370312,8962,1770,81,855704.22,45
CMP-0201,Google Ads,International,Mid-Market,2024-Q4,4109.4,560346,19647,2309,184,1330160.91,21
CMP-0202,LinkedIn Ads,West,Enterprise,2024-Q3,8397.54,721681,13470,2357,161,5076261.4,21
CMP-0203,LinkedIn Ads,Southeast,Mid-Market,2024-Q4,7573.31,864474,13068,2257,190,2899657.16,30
CMP-0204,Google Ads,Midwest,Enterprise,2025-Q1,3701.78,471417,12401,1404,92,1277577.67,30
CMP-0205,Email,Northeast,SMB,2025-Q1,1124.28,95414,5041,911,72,282902.79,45
CMP-0206,Content/SEO,International,Enterprise,2025-Q2,2919.75,375213,9706,952,34,744367.92,30
CMP-0207,Email,Midwest,Mid-Market,2024-Q4,343.69,32268,1455,106,9,72590.2,30
CMP-0208,Email,Midwest,Mid-Market,2025-Q2,1023.51,147281,8727,1023,78,668847.88,45
CMP-0209,Webinars,Northeast,SMB,2024-Q3,3247.12,591692,29232,3232,241,1230970.63,45
CMP-0210,Email,West,SMB,2025-Q1,1676.33,286857,8536,553,33,162546.37,21
CMP-0211,Email,Southeast,Enterprise,2024-Q3,638.31,109425,5119,982,99,1167135.35,21
CMP-0212,Google Ads,Midwest,Mid-Market,2024-Q3,6944.25,1039043,34376,4604,208,1809158.39,14
CMP-0213,Google Ads,Midwest,Mid-Market,2024-Q4,1285.28,125504,3066,377,17,134623.82,21
CMP-0214,LinkedIn Ads,Midwest,SMB,2025-Q2,5535.81,501456,9459,1334,70,568412.38,21
CMP-0215,Google Ads,International,SMB,2025-Q1,6624.47,1093578,30415,2329,141,573710.54,14
CMP-0216,Webinars,West,Mid-Market,2025-Q2,3986.6,418102,22532,3770,270,4005634.18,14
CMP-0217,Content/SEO,Midwest,Enterprise,2024-Q3,2084.78,344627,8399,1562,69,911603.76,30
CMP-0218,LinkedIn Ads,West,Enterprise,2024-Q4,4595.59,805631,15772,1441,108,2306415.28,60
CMP-0219,Email,Southeast,Mid-Market,2025-Q1,1055.91,133451,4831,612,96,909586.02,45
CMP-0220,Trade Shows,Southeast,Mid-Market,2025-Q1,17073.49,3324647,52014,4164,668,16030893.81,45
CMP-0221,Google Ads,Midwest,Mid-Market,2024-Q3,6270.92,1200949,48695,2657,121,1201277.45,30
CMP-0222,Email,West,SMB,2025-Q2,884.66,154998,11705,2324,146,679767.08,30
CMP-0223,Google Ads,International,SMB,2024-Q3,5433.45,1011333,37442,5803,200,671899.43,30
CMP-0224,LinkedIn Ads,West,Mid-Market,2024-Q4,6675.81,1040429,10732,1465,79,1267409.16,45
CMP-0225,Google Ads,West,Enterprise,2024-Q4,1284.88,138620,3528,325,21,290901.7,14
CMP-0226,Email,Northeast,Mid-Market,2024-Q4,823.97,101297,4953,728,27,280112.66,30
CMP-0227,Email,West,Mid-Market,2024-Q4,1122.85,200657,6742,1150,119,2066559.85,14
CMP-0228,Content/SEO,Southeast,Mid-Market,2025-Q1,1305.29,203033,4489,261,7,78833.72,7
CMP-0229,Email,Southeast,SMB,2024-Q4,668.84,120873,5698,288,23,96689.62,14
CMP-0230,Google Ads,Northeast,Enterprise,2024-Q3,3547.56,619658,25776,4737,314,4399062.97,21
CMP-0231,Trade Shows,International,Enterprise,2025-Q1,2805.91,437513,4202,653,118,6799288.54,60
CMP-0232,Content/SEO,Northeast,Mid-Market,2024-Q3,1382.35,240278,5463,800,27,222076.87,60
CMP-0233,Email,Northeast,Mid-Market,2025-Q2,579.79,72112,2249,130,9,120337.85,45
CMP-0234,Webinars,Northeast,Mid-Market,2025-Q1,4756.26,834956,74145,12093,1061,11673546.29,60
CMP-0235,Google Ads,Midwest,Mid-Market,2025-Q2,4776.6,650469,18797,2572,148,1313030.6,30
CMP-0236,Email,International,Mid-Market,2024-Q3,189.87,15630,500,34,2,11798.48,21
CMP-0237,Email,West,Enterprise,2025-Q1,1364.75,183682,7006,631,53,891984.61,45
CMP-0238,Email,Southeast,SMB,2024-Q4,349.38,46209,1806,180,15,63612.9,14
CMP-0239,Email,West,Enterprise,2025-Q1,1036.41,192264,15723,2379,311,5802872.66,30
CMP-0240,LinkedIn Ads,International,Mid-Market,2025-Q2,6244.74,1202020,25642,3602,196,2914997.09,30
CMP-0241,Email,Northeast,Enterprise,2025-Q2,808.35,158059,7622,467,32,509197.21,14
CMP-0242,Google Ads,Southeast,SMB,2025-Q1,2277.08,403806,13913,2022,109,355890.61,14
CMP-0243,LinkedIn Ads,West,Mid-Market,2024-Q4,7968.34,1314190,23122,1371,72,1640283.0,14
CMP-0244,Trade Shows,Midwest,SMB,2025-Q2,25118.03,2239239,22438,2046,190,3125415.18,21
CMP-0245,LinkedIn Ads,Midwest,Enterprise,2024-Q3,7884.18,1268736,22532,1589,123,3446138.74,21
CMP-0246,Content/SEO,Northeast,Enterprise,2025-Q1,100.0,19436,478,61,2,24055.37,45
CMP-0247,Google Ads,Southeast,SMB,2025-Q2,5570.28,682944,27445,4247,177,690974.76,60
CMP-0248,LinkedIn Ads,Southeast,Mid-Market,2025-Q2,2856.32,385569,5542,926,64,1185436.75,45
CMP-0249,Content/SEO,West,SMB,2024-Q4,1510.05,214067,6159,1054,24,91699.23,21
CMP-0250,Webinars,International,Enterprise,2024-Q3,3489.2,493814,35632,4355,389,8818966.21,7
CMP-0251,Google Ads,Midwest,Mid-Market,2024-Q3,3130.74,462375,18756,1946,64,592575.0,14
CMP-0252,Webinars,West,Enterprise,2025-Q1,2889.45,560711,41334,5672,998,15765799.25,21
CMP-0253,Content/SEO,Midwest,Enterprise,2025-Q1,1810.88,314448,10364,1258,36,581791.65,30
CMP-0254,Google Ads,Midwest,Mid-Market,2024-Q4,100.0,17730,602,105,6,38744.56,30
CMP-0255,Content/SEO,Midwest,Mid-Market,2024-Q3,221.41,29011,798,44,1,8164.36,7
CMP-0256,LinkedIn Ads,International,SMB,2025-Q2,3671.22,427597,5662,478,34,300478.03,45
CMP-0257,LinkedIn Ads,Southeast,SMB,2024-Q3,7658.99,779636,16698,1763,134,712458.96,30
CMP-0258,Google Ads,Southeast,SMB,2025-Q1,4766.51,535096,10131,1461,30,113152.04,60
CMP-0259,Email,Midwest,SMB,2024-Q4,1085.22,109228,6556,1284,61,294156.09,14
CMP-0260,Google Ads,Northeast,Enterprise,2024-Q4,5831.85,658349,23907,4089,190,2195623.7,14
CMP-0261,Trade Shows,Midwest,Enterprise,2024-Q3,17288.86,3348003,55328,6884,750,31235662.68,30
CMP-0262,Content/SEO,Southeast,Enterprise,2025-Q1,482.13,79350,1782,307,14,229069.01,7
CMP-0263,Email,Midwest,Mid-Market,2025-Q2,996.81,145857,5605,613,43,361850.11,14
CMP-0264,Webinars,Midwest,Mid-Market,2025-Q2,4525.35,672510,26784,4685,384,4742059.89,21
CMP-0265,LinkedIn Ads,Midwest,Enterprise,2025-Q2,1694.1,284480,7149,791,53,1017045.55,30
CMP-0266,LinkedIn Ads,Southeast,Enterprise,2025-Q1,5900.05,947414,19823,2871,203,4204174.79,30
CMP-0267,Google Ads,International,Mid-Market,2025-Q1,5187.58,457027,14412,1841,78,518688.62,30
CMP-0268,Content/SEO,Northeast,Enterprise,2024-Q3,503.47,52683,1083,132,4,53011.78,30
CMP-0269,Trade Shows,Midwest,Mid-Market,2025-Q1,12266.6,1863116,17173,2465,213,6286215.34,7
CMP-0270,Trade Shows,Midwest,Mid-Market,2024-Q3,19282.25,2759112,46831,4094,475,9708865.68,30
CMP-0271,Google Ads,Midwest,SMB,2025-Q1,5695.46,710945,33601,1934,50,272182.97,60
CMP-0272,Email,Midwest,SMB,2025-Q2,1103.16,186135,12976,1066,68,518054.8,30
CMP-0273,LinkedIn Ads,West,SMB,2025-Q1,6375.85,1135350,22346,2835,159,879122.42,30
CMP-0274,Content/SEO,International,Enterprise,2024-Q3,1026.88,108686,1547,215,5,104527.16,14
CMP-0275,Webinars,Midwest,Mid-Market,2025-Q1,1399.37,215522,13758,2220,207,3498231.67,7
CMP-0276,LinkedIn Ads,Northeast,Enterprise,2025-Q1,1205.51,149741,2935,540,55,1688181.82,21
CMP-0277,Email,Midwest,Mid-Market,2024-Q4,153.85,24296,593,112,7,49096.83,7
CMP-0278,LinkedIn Ads,International,Mid-Market,2025-Q2,4267.19,676865,18787,1672,101,1432560.5,7
CMP-0279,Google Ads,International,SMB,2025-Q1,5641.23,526054,22507,2101,58,196695.19,21
CMP-0280,Email,International,SMB,2024-Q4,992.75,116087,6155,1151,72,384398.56,21
CMP-0281,Email,Northeast,Mid-Market,2024-Q3,1225.95,172093,4074,322,28,331686.09,45
CMP-0282,Webinars,Midwest,Mid-Market,2025-Q1,1845.46,296819,19834,1524,105,1462101.61,14
CMP-0283,Google Ads,International,SMB,2024-Q4,3147.39,456259,19492,1983,107,381091.62,45
CMP-0284,Google Ads,West,Mid-Market,2024-Q4,9353.43,1023661,37300,2188,69,493041.45,14
CMP-0285,Trade Shows,Midwest,Mid-Market,2025-Q1,17681.89,2855225,31871,3562,353,10046318.77,14
CMP-0286,Email,Northeast,Mid-Market,2025-Q2,853.26,119016,5862,1113,97,961317.9,21
CMP-0287,Google Ads,Southeast,SMB,2025-Q1,5574.63,1019472,48682,7350,339,1296760.31,14
CMP-0288,Content/SEO,Northeast,SMB,2024-Q3,3244.5,579359,15069,2659,44,190736.54,30
CMP-0289,Email,Midwest,SMB,2024-Q3,763.95,68055,4163,450,27,162945.21,21
CMP-0290,Trade Shows,West,Mid-Market,2024-Q3,14030.25,2475746,20290,2333,213,4639790.33,21
CMP-0291,LinkedIn Ads,Midwest,SMB,2025-Q2,9904.22,1572865,26008,4065,203,2321888.44,7
CMP-0292,Webinars,International,Enterprise,2025-Q2,5594.9,952305,64706,11029,889,19423687.81,30
CMP-0293,Email,International,Mid-Market,2025-Q2,860.35,146256,6352,1182,108,1440952.56,30
CMP-0294,Webinars,International,Mid-Market,2024-Q4,3361.4,557884,23233,2105,161,1579241.46,14
CMP-0295,Google Ads,West,SMB,2025-Q1,2684.49,479502,24203,3604,111,526751.87,30
CMP-0296,LinkedIn Ads,Midwest,Mid-Market,2024-Q3,8743.55,1185396,22081,2026,170,2816306.59,7
CMP-0297,Content/SEO,West,Mid-Market,2025-Q1,1050.58,138551,5326,291,9,89367.54,30
CMP-0298,Google Ads,Southeast,SMB,2024-Q3,5841.48,1165602,34168,5938,193,878231.48,30
CMP-0299,Google Ads,Midwest,SMB,2025-Q1,9398.92,1094820,24616,2405,81,403678.59,7
CMP-0300,Google Ads,International,Enterprise,2024-Q4,2436.53,233705,10444,1323,45,477410.45,21
CMP-0301,Google Ads,International,SMB,2025-Q1,2822.12,421795,15257,2066,69,334306.61,21
CMP-0302,Email,Midwest,Mid-Market,2024-Q3,1050.2,158768,9317,540,70,632658.63,30
CMP-0303,LinkedIn Ads,Midwest,Enterprise,2024-Q3,5893.62,1160511,18053,1091,126,3652300.14,45
CMP-0304,LinkedIn Ads,West,Enterprise,2024-Q4,7881.5,791045,16413,867,76,2677780.72,30
CMP-0305,Webinars,West,SMB,2025-Q1,4157.99,772529,48259,6644,542,4004633.48,7
CMP-0306,Content/SEO,West,Mid-Market,2024-Q4,1620.15,174482,4600,861,21,214654.32,30
CMP-0307,Email,International,SMB,2025-Q2,1051.81,120308,4253,724,50,294573.85,60
CMP-0308,Email,International,Enterprise,2025-Q2,471.95,60181,1515,227,19,389974.84,30
CMP-0309,Content/SEO,West,Enterprise,2025-Q1,270.1,24881,580,43,1,14767.78,30
CMP-0310,LinkedIn Ads,International,Enterprise,2025-Q2,4378.21,536083,13383,1276,103,2945140.56,7
CMP-0311,Trade Shows,Southeast,SMB,2025-Q1,21760.14,2098935,22843,3131,228,2860302.32,30
CMP-0312,LinkedIn Ads,Northeast,Mid-Market,2025-Q1,7788.48,676331,10323,1164,116,1631723.08,30
CMP-0313,Content/SEO,Northeast,SMB,2025-Q1,3516.81,678218,18876,988,14,93743.37,30
CMP-0314,Email,Midwest,Mid-Market,2024-Q3,690.75,82467,5091,601,42,449998.26,14
CMP-0315,Trade Shows,International,Mid-Market,2024-Q3,13244.02,2084203,46636,3939,279,8290337.6,30
CMP-0316,Google Ads,West,Enterprise,2025-Q1,3284.25,588160,16010,1486,60,902962.53,21
CMP-0317,Content/SEO,Midwest,SMB,2025-Q2,3179.73,558077,14788,1127,24,123767.29,14
CMP-0318,Webinars,West,Enterprise,2025-Q1,2628.76,329078,20532,1741,205,3173677.73,14
CMP-0319,LinkedIn Ads,Southeast,SMB,2025-Q1,3158.73,342967,5052,941,28,137409.77,30
CMP-0320,Google Ads,Southeast,SMB,2025-Q1,3447.5,618159,30000,2268,85,222034.4,30
CMP-0321,Webinars,Southeast,SMB,2024-Q3,373.83,67551,6799,503,36,198428.96,14
CMP-0322,Google Ads,Northeast,SMB,2024-Q3,1465.65,147766,5922,633,20,102869.01,30
CMP-0323,Google Ads,Northeast,Enterprise,2024-Q4,5871.02,1124284,62643,6771,372,6941661.38,30
CMP-0324,Google Ads,Midwest,Mid-Market,2024-Q3,4683.5,899160,31034,2787,186,1812166.11,14
CMP-0325,Webinars,International,SMB,2025-Q2,4515.72,545374,30400,3597,295,2613114.76,14
CMP-0326,LinkedIn Ads,Midwest,Mid-Market,2025-Q1,4428.75,805784,11339,718,46,722438.1,60
CMP-0327,Trade Shows,Southeast,SMB,2025-Q2,12513.66,2067456,17058,1551,128,1073596.87,45
CMP-0328,Google Ads,Southeast,SMB,2025-Q2,5433.34,1024310,51730,8929,257,1458032.33,21
CMP-0329,Webinars,West,SMB,2025-Q2,5203.43,585885,25224,1982,126,611998.51,21
CMP-0330,Webinars,International,SMB,2024-Q3,4022.43,780303,37582,2651,235,1855217.59,30
CMP-0331,LinkedIn Ads,Northeast,Enterprise,2025-Q2,7630.45,1463417,38343,6638,829,26318697.19,45
CMP-0332,LinkedIn Ads,Northeast,SMB,2025-Q2,6666.79,616908,12926,1764,72,529612.44,60
CMP-0333,Google Ads,Northeast,SMB,2024-Q4,5346.68,493989,29509,2239,52,233688.02,60
CMP-0334,Webinars,Southeast,SMB,2025-Q1,3401.04,413914,28429,1636,123,694795.15,21
CMP-0335,Google Ads,Northeast,Mid-Market,2025-Q1,5789.01,980783,34401,2114,98,814315.93,14
CMP-0336,Google Ads,Southeast,Enterprise,2024-Q4,1461.31,264363,3617,300,21,275646.26,45
CMP-0337,LinkedIn Ads,Northeast,Mid-Market,2025-Q2,5976.06,859289,17698,971,33,433940.78,14
CMP-0338,Content/SEO,Southeast,Mid-Market,2024-Q3,1657.45,215667,5674,382,15,139305.5,30
CMP-0339,Google Ads,Midwest,Enterprise,2025-Q1,6818.15,1211997,35062,4970,189,2361582.02,14
CMP-0340,LinkedIn Ads,International,Mid-Market,2025-Q2,4111.13,523886,10026,774,54,757832.33,7
CMP-0341,LinkedIn Ads,West,Mid-Market,2024-Q4,1713.82,240434,4766,761,52,895908.66,30
CMP-0342,LinkedIn Ads,Southeast,Mid-Market,2024-Q4,3667.42,615317,19109,3318,228,3254162.11,21
CMP-0343,Webinars,West,Mid-Market,2025-Q1,100.0,10994,663,87,8,90761.29,14
CMP-0344,Webinars,Midwest,SMB,2025-Q1,5761.45,699997,34124,5141,526,2870356.72,14
CMP-0345,Trade Shows,Midwest,SMB,2025-Q2,21411.82,2022271,28025,5346,582,5778072.42,14
CMP-0346,LinkedIn Ads,Northeast,Enterprise,2024-Q3,1128.13,198174,6462,1025,60,2093748.24,45
CMP-0347,Google Ads,Midwest,Mid-Market,2024-Q4,4421.66,794209,24942,4794,164,1096984.68,14
CMP-0348,LinkedIn Ads,Northeast,Mid-Market,2024-Q4,4529.76,367645,4362,779,42,776461.24,14
CMP-0349,Content/SEO,West,Mid-Market,2025-Q1,4429.14,753726,27833,1942,47,428144.49,7
CMP-0350,LinkedIn Ads,Midwest,SMB,2024-Q3,2670.66,241723,3363,213,7,62319.81,14
CMP-0351,LinkedIn Ads,International,SMB,2024-Q3,669.58,85270,1253,162,9,53245.52,45
CMP-0352,Content/SEO,West,Mid-Market,2024-Q3,1193.64,153996,2571,390,20,151571.41,14
CMP-0353,Email,International,Mid-Market,2025-Q2,674.99,72628,3924,438,42,333977.82,45
CMP-0354,Content/SEO,West,Enterprise,2024-Q3,2481.78,305897,6206,935,35,544080.03,60
CMP-0355,Google Ads,West,SMB,2024-Q4,6981.76,983380,25486,3712,89,235566.02,30
CMP-0356,Content/SEO,International,Mid-Market,2025-Q2,2222.29,385660,14150,741,20,157206.12,30
CMP-0357,LinkedIn Ads,West,Enterprise,2024-Q4,4199.04,821579,13631,957,57,1436683.94,7
CMP-0358,Email,Southeast,Enterprise,2024-Q3,1295.48,142670,9514,1403,122,2078778.62,30
CMP-0359,Google Ads,Southeast,Enterprise,2024-Q3,4081.96,554494,20823,1083,55,742646.49,7
CMP-0360,Email,Northeast,Mid-Market,2025-Q2,581.66,92867,3218,626,75,1107988.64,21
CMP-0361,Google Ads,International,Mid-Market,2024-Q4,5252.64,515192,18099,3216,97,924254.9,45
CMP-0362,Email,Midwest,Mid-Market,2024-Q3,447.57,71352,2593,376,28,282588.04,30
CMP-0363,LinkedIn Ads,International,SMB,2024-Q3,3304.19,301772,4849,847,47,401155.26,14
CMP-0364,LinkedIn Ads,Midwest,Mid-Market,2025-Q1,2256.23,183990,2638,345,26,678132.48,7
CMP-0365,Email,Southeast,Mid-Market,2025-Q2,583.9,80347,2414,170,13,138810.08,7
CMP-0366,Google Ads,West,Mid-Market,2024-Q3,3977.81,470163,8266,1019,49,484298.01,30
CMP-0367,LinkedIn Ads,West,Enterprise,2025-Q1,5973.91,661964,8846,1509,120,3130845.61,30
CMP-0368,Content/SEO,West,Mid-Market,2024-Q3,1364.77,146199,4514,598,13,121665.54,14
CMP-0369,LinkedIn Ads,Northeast,Enterprise,2025-Q1,3623.24,310769,5519,520,40,1256412.99,14
CMP-0370,LinkedIn Ads,West,Mid-Market,2024-Q4,2740.91,513196,9621,588,49,853784.9,14
CMP-0371,Trade Shows,International,Enterprise,2025-Q2,12425.2,2435162,31624,4560,686,34094632.02,14
CMP-0372,LinkedIn Ads,Northeast,Mid-Market,2025-Q1,7427.12,902209,9578,1650,87,1288563.98,14
CMP-0373,Google Ads,West,SMB,2025-Q2,4227.32,838264,36871,1844,98,527192.1,21
CMP-0374,LinkedIn Ads,Northeast,SMB,2024-Q4,4758.07,483715,7820,698,28,212737.6,45
CMP-0375,LinkedIn Ads,West,Mid-Market,2024-Q4,5771.3,945246,15009,1234,77,1064590.63,7
CMP-0376,Google Ads,Midwest,Mid-Market,2025-Q2,4747.83,897161,22639,2477,91,666634.35,14
CMP-0377,LinkedIn Ads,West,Mid-Market,2025-Q1,8506.19,762345,15091,1833,156,2551935.34,30
CMP-0378,LinkedIn Ads,International,Enterprise,2024-Q4,9354.18,1648226,18471,2224,190,4651816.61,30
CMP-0379,LinkedIn Ads,International,Enterprise,2024-Q3,3812.66,506255,8074,1183,79,2071192.14,30
CMP-0380,Webinars,West,SMB,2024-Q4,2588.97,462023,27086,4711,220,1633001.83,30
CMP-0381,Email,West,SMB,2024-Q4,986.62,127961,8623,1670,191,1140838.46,14
CMP-0382,Email,Northeast,Enterprise,2024-Q4,858.21,147305,5513,708,80,1146187.72,7
CMP-0383,LinkedIn Ads,Midwest,Enterprise,2025-Q2,6887.35,869268,10131,1805,113,2694274.85,21
CMP-0384,Google Ads,Midwest,Enterprise,2025-Q1,4900.48,510732,16384,1453,90,1439286.93,45
CMP-0385,Email,West,Enterprise,2025-Q1,337.47,45284,4009,763,88,1980220.94,14
CMP-0386,Google Ads,International,SMB,2024-Q4,6440.39,646517,14412,840,40,138306.12,21
CMP-0387,Content/SEO,West,Mid-Market,2024-Q4,2052.32,401390,11626,781,19,169728.67,7
CMP-0388,Email,Southeast,Mid-Market,2025-Q1,669.42,116342,4176,482,55,709103.55,45
CMP-0389,LinkedIn Ads,Southeast,SMB,2024-Q4,5306.6,826163,25202,4056,205,1549713.19,14
CMP-0390,Webinars,West,Mid-Market,2025-Q1,4087.77,360364,10878,839,65,1181841.8,30
CMP-0391,Email,West,SMB,2025-Q2,1312.8,261627,14235,735,54,374105.69,21
CMP-0392,Google Ads,Northeast,Enterprise,2025-Q1,6648.37,1090911,26510,3667,188,3003828.31,14
CMP-0393,Content/SEO,Midwest,Mid-Market,2024-Q4,1816.51,154762,2344,363,17,129861.02,21
CMP-0394,Google Ads,International,Mid-Market,2025-Q1,5678.7,495815,14669,2260,88,579435.27,21
CMP-0395,Webinars,International,SMB,2024-Q3,2481.71,236833,12942,1761,103,814150.53,14
CMP-0396,LinkedIn Ads,Northeast,Enterprise,2024-Q3,2860.19,430661,7716,751,78,2320295.35,30
CMP-0397,LinkedIn Ads,Northeast,Mid-Market,2025-Q1,4541.35,794204,12666,1364,146,1665414.82,30
CMP-0398,Google Ads,Northeast,Enterprise,2025-Q1,6331.97,1049764,42060,5755,207,4007683.84,45
CMP-0399,LinkedIn Ads,Southeast,SMB,2025-Q2,7155.29,1179491,11903,1778,98,756137.1,45
CMP-0400,Google Ads,International,SMB,2025-Q1,5195.33,614967,14925,874,28,85278.01,21
CMP-0401,Webinars,Northeast,SMB,2024-Q4,4212.91,650660,41437,7067,491,2540865.97,21
CMP-0402,Webinars,Northeast,Enterprise,2025-Q2,2021.29,324630,17886,2850,217,5028548.48,21
CMP-0403,LinkedIn Ads,Southeast,Enterprise,2025-Q2,3414.19,439198,9942,898,80,1902656.47,45
CMP-0404,LinkedIn Ads,Northeast,Mid-Market,2025-Q1,4652.19,906038,18223,1940,111,1605301.08,21
CMP-0405,Google Ads,Southeast,Mid-Market,2025-Q2,10341.51,1976723,48101,8691,328,3130615.05,45
CMP-0406,Google Ads,International,Mid-Market,2025-Q1,8941.37,1263133,40527,2755,158,1117667.32,45
CMP-0407,Google Ads,Southeast,Enterprise,2024-Q4,6906.1,1225373,49481,9493,625,8264513.49,14
CMP-0408,Content/SEO,West,Mid-Market,2025-Q1,1796.27,326727,14044,1509,57,479838.0,21
CMP-0409,Google Ads,West,Mid-Market,2025-Q1,2779.61,498788,31772,5542,215,1831738.57,45
CMP-0410,Content/SEO,International,SMB,2025-Q1,2361.42,220817,6625,736,21,98107.02,30
CMP-0411,LinkedIn Ads,Midwest,Mid-Market,2024-Q3,7991.31,1016291,14696,1041,68,967508.01,60
CMP-0412,LinkedIn Ads,West,Mid-Market,2024-Q3,100.0,18558,443,55,2,30146.8,60
CMP-0413,Google Ads,Northeast,Mid-Market,2024-Q3,1393.14,182032,9834,1649,84,609903.17,30
CMP-0414,LinkedIn Ads,Northeast,Mid-Market,2025-Q1,5710.81,676745,19990,2786,180,2711396.49,60
CMP-0415,LinkedIn Ads,Northeast,Mid-Market,2024-Q3,1977.23,158232,2519,471,34,584248.18,14
CMP-0416,Google Ads,Northeast,SMB,2024-Q3,6023.45,704288,16727,1443,54,206571.0,30
CMP-0417,Google Ads,West,SMB,2024-Q4,7005.69,847332,23703,2764,103,619825.85,45
CMP-0418,Webinars,Midwest,Enterprise,2024-Q4,3916.04,540365,32205,6377,558,14210100.03,21
CMP-0419,Trade Shows,West,SMB,2024-Q3,10123.17,818335,12099,1337,153,1712282.23,14
CMP-0420,Webinars,Northeast,SMB,2024-Q3,3853.08,442963,17855,2010,184,1039424.63,45
CMP-0421,Email,Northeast,Mid-Market,2024-Q3,377.47,44710,1464,109,7,74159.76,30
CMP-0422,Google Ads,West,Enterprise,2024-Q4,5470.0,795096,22111,1363,69,1038367.53,45
CMP-0423,Google Ads,West,SMB,2024-Q4,3816.82,673126,21551,4248,158,1039797.86,45
CMP-0424,Trade Shows,Midwest,SMB,2024-Q4,15173.57,2664066,14759,2375,180,2447258.76,21
CMP-0425,Google Ads,Southeast,Enterprise,2024-Q3,3734.37,379005,11686,1271,61,927006.91,60
CMP-0426,LinkedIn Ads,International,Mid-Market,2025-Q1,9086.35,1217878,33204,4305,334,5583945.85,30
CMP-0427,Trade Shows,Northeast,Mid-Market,2024-Q4,17697.37,2730706,29143,5062,690,25058662.23,14
CMP-0428,LinkedIn Ads,Midwest,Enterprise,2024-Q4,7303.82,1098359,20417,2632,249,8174320.09,14
CMP-0429,Email,Southeast,Enterprise,2025-Q2,100.0,10392,545,60,5,77640.04,45
CMP-0430,Content/SEO,Midwest,Enterprise,2024-Q3,1463.83,277101,6399,325,10,160533.61,14
CMP-0431,Trade Shows,International,Mid-Market,2024-Q4,18313.63,2666487,20930,3823,675,27348910.68,14
CMP-0432,Google Ads,International,Mid-Market,2024-Q3,7151.94,862944,22702,4377,229,2477623.43,45
CMP-0433,Google Ads,Midwest,Mid-Market,2024-Q3,8406.61,936581,28835,4141,167,1465465.79,45
CMP-0434,Email,West,SMB,2024-Q3,1248.84,219240,7450,1303,55,339202.13,21
CMP-0435,Google Ads,Northeast,Enterprise,2024-Q4,4182.52,627421,16684,1995,97,2235588.08,30
CMP-0436,Google Ads,Southeast,Enterprise,2025-Q1,3564.89,447955,14269,940,27,448257.69,30
CMP-0437,Webinars,Northeast,SMB,2025-Q2,6896.39,1115012,82091,12314,452,2951817.29,7
CMP-0438,Google Ads,International,Mid-Market,2024-Q4,5334.4,975319,25808,4924,357,2814862.96,45
CMP-0439,LinkedIn Ads,Midwest,Mid-Market,2024-Q3,3898.17,395313,21319,1411,100,1863303.57,14
CMP-0440,Google Ads,Midwest,Mid-Market,2025-Q1,7249.6,818439,18846,3282,181,1660006.43,14
CMP-0441,Google Ads,Northeast,Mid-Market,2025-Q2,5760.3,1053859,19205,2881,150,1180025.57,30
CMP-0442,Trade Shows,West,Enterprise,2024-Q4,13164.65,1894346,15333,2064,221,10658920.55,21
CMP-0443,Email,West,Mid-Market,2025-Q1,830.79,125454,5859,461,48,648975.93,30
CMP-0444,Email,Southeast,Mid-Market,2024-Q3,1126.74,124952,6721,1116,92,566662.77,45
CMP-0445,Content/SEO,International,Enterprise,2024-Q4,100.0,16845,424,23,0,0.0,60
CMP-0446,Google Ads,Northeast,Mid-Market,2024-Q4,2773.01,545438,17291,2208,70,630460.33,21
CMP-0447,LinkedIn Ads,West,Enterprise,2025-Q2,7294.48,914431,14017,2763,307,8016039.68,21
CMP-0448,LinkedIn Ads,International,SMB,2025-Q1,8443.86,941397,15898,1800,93,624587.18,30
CMP-0449,Email,International,SMB,2024-Q3,886.97,173803,7091,1386,96,588163.4,30
CMP-0450,LinkedIn Ads,Midwest,Mid-Market,2024-Q4,9552.44,1087356,18919,1848,149,2221451.2,30
CMP-0451,Email,International,Mid-Market,2025-Q1,877.02,124334,7887,512,57,411192.22,7
CMP-0452,Content/SEO,Southeast,SMB,2025-Q2,2220.81,381893,7051,782,24,127765.31,45
CMP-0453,Email,International,Mid-Market,2025-Q1,1105.48,128363,8100,628,48,663647.43,14
CMP-0454,Email,International,SMB,2024-Q3,330.69,65529,2857,232,14,65115.9,30
CMP-0455,LinkedIn Ads,International,Mid-Market,2025-Q2,8777.92,1634700,27509,1733,139,2118544.19,21
CMP-0456,Webinars,International,SMB,2024-Q4,1852.07,356674,32771,2993,297,1449683.53,30
CMP-0457,Trade Shows,Southeast,Enterprise,2025-Q1,14339.15,1813426,18531,1712,343,18428085.66,60
CMP-0458,LinkedIn Ads,West,Mid-Market,2024-Q3,4999.12,968440,18687,1547,133,1707738.11,21
CMP-0459,Email,International,Enterprise,2025-Q2,702.92,70406,1797,185,15,262686.1,30
CMP-0460,Webinars,Southeast,Mid-Market,2024-Q4,4454.23,493393,18189,3457,334,3729055.07,21
CMP-0461,Content/SEO,Midwest,Mid-Market,2025-Q1,2256.22,338091,9771,1657,56,628643.71,21
CMP-0462,LinkedIn Ads,West,SMB,2024-Q3,3585.48,523357,9323,1049,52,415675.99,45
CMP-0463,Email,West,Mid-Market,2024-Q3,692.54,126695,3286,314,23,218941.07,14
CMP-0464,Content/SEO,International,Enterprise,2024-Q3,1515.83,292237,5467,554,23,396193.08,14
CMP-0465,Webinars,Southeast,Mid-Market,2025-Q1,3917.52,445888,22963,1782,142,1831020.73,21
CMP-0466,Email,Midwest,Enterprise,2025-Q2,412.29,63138,2976,402,38,490059.42,45
CMP-0467,Content/SEO,Midwest,Mid-Market,2025-Q1,2066.52,386134,7985,713,15,126699.36,60
CMP-0468,Webinars,Northeast,SMB,2025-Q1,2902.5,388081,33228,5299,336,1943908.15,7
CMP-0469,Google Ads,Southeast,Mid-Market,2025-Q1,2952.55,327866,16643,1698,87,890213.88,60
CMP-0470,Content/SEO,Southeast,SMB,2025-Q2,3928.37,667209,18524,1518,48,203099.89,7
CMP-0471,Google Ads,Northeast,SMB,2025-Q2,3464.83,400016,11704,744,22,95065.65,45
CMP-0472,Webinars,Northeast,SMB,2025-Q2,5652.63,780632,42203,7136,329,2359560.71,45
CMP-0473,Google Ads,Northeast,SMB,2024-Q4,4828.59,644433,39853,7773,371,1547862.33,14
CMP-0474,Email,West,Mid-Market,2025-Q1,465.58,42411,2926,347,35,330489.31,14
CMP-0475,Trade Shows,Midwest,Mid-Market,2024-Q4,18797.57,3684224,33754,3932,507,8503902.65,30
CMP-0476,LinkedIn Ads,West,Enterprise,2025-Q1,5169.66,632852,9735,947,44,1164177.79,14
CMP-0477,LinkedIn Ads,West,Mid-Market,2024-Q4,10732.99,2125142,24304,2095,181,3298316.76,30
CMP-0478,Google Ads,Southeast,Enterprise,2024-Q4,7713.09,1371197,33520,3774,223,3102950.19,30
CMP-0479,Google Ads,International,Enterprise,2025-Q2,3068.31,568628,14251,904,37,642234.1,30
CMP-0480,Content/SEO,Northeast,Enterprise,2025-Q1,1775.62,236738,8039,767,25,531585.78,14
CMP-0481,LinkedIn Ads,International,SMB,2024-Q4,4107.68,641930,9479,1885,83,717272.4,14
CMP-0482,Webinars,Midwest,SMB,2025-Q1,5210.47,703182,89287,9778,1124,4704470.17,7
CMP-0483,LinkedIn Ads,Southeast,Mid-Market,2025-Q1,5960.33,987836,12111,1413,90,1235165.27,14
CMP-0484,Trade Shows,West,Mid-Market,2024-Q4,24710.95,2860405,15998,1891,200,4206022.74,30
CMP-0485,LinkedIn Ads,West,Enterprise,2025-Q2,5498.61,944513,14337,1287,85,2669887.84,45
CMP-0486,Google Ads,International,Mid-Market,2025-Q1,2414.92,318386,7770,1552,65,499803.75,30
CMP-0487,Email,Southeast,Mid-Market,2024-Q3,966.79,127887,5360,371,35,454436.64,14
CMP-0488,Email,Southeast,Mid-Market,2024-Q4,1267.54,248866,9895,1168,186,1962524.15,60
CMP-0489,Webinars,Southeast,Mid-Market,2025-Q2,5687.96,866544,49235,7293,584,5304720.67,14
CMP-0490,Google Ads,West,SMB,2024-Q4,4578.69,662550,29043,2563,113,531288.02,30
CMP-0491,Google Ads,Southeast,SMB,2025-Q2,6907.07,1263991,44834,5359,164,483085.77,60
CMP-0492,LinkedIn Ads,Northeast,SMB,2024-Q3,8924.25,1423131,18493,2908,122,729505.62,14
CMP-0493,Content/SEO,Northeast,Enterprise,2025-Q1,218.84,19528,250,37,1,18619.03,21
CMP-0494,Webinars,Midwest,Mid-Market,2024-Q3,1464.6,135073,8665,1617,167,2296052.23,7
CMP-0495,Webinars,Southeast,Mid-Market,2025-Q2,6109.18,1040847,78942,12561,1064,13521765.15,21
CMP-0496,Trade Shows,Northeast,SMB,2025-Q2,10060.34,1049719,10701,2137,133,1779851.97,60
CMP-0497,Trade Shows,International,SMB,2025-Q1,17520.51,2845907,36082,6637,489,7436925.51,30
CMP-0498,LinkedIn Ads,Northeast,SMB,2024-Q3,5562.17,674113,9491,942,33,298810.97,30
CMP-0499,Google Ads,Southeast,SMB,2025-Q2,4433.92,860343,51090,4853,175,654203.67,7
CMP-0500,Trade Shows,Northeast,Enterprise,2024-Q4,11497.11,1776846,21799,1247,163,7318073.8,60
